{"rmse": 9409.975008237512, "mae": 7373.39050700638, "r2": 0.41114700987186126}